,Restaurants,links
0,Wharf Shed Cafe,https://www.localbook.com.au/wharf-shed-cafe-841.html
1,The French Brasserie,https://www.localbook.com.au/the-french-brasserie-883.html
2,Maha Restaurant,https://www.localbook.com.au/maha-restaurant-884.html
3,Tetsuyas Restaurant,https://www.localbook.com.au/tetsuyas-restaurant-1086.html
4,China Doll,https://www.localbook.com.au/china-doll-1087.html
5,Mamak,https://www.localbook.com.au/mamak-1088.html
6,Harrys Café de Wheels,https://www.localbook.com.au/harrys-cafe-de-wheels-1089.html
7,The Spice House,https://www.localbook.com.au/the-spice-house-1090.html
8,Zahli Restaurant,https://www.localbook.com.au/zahli-restaurant-1091.html
9,Hectors on the Wharf,https://www.localbook.com.au/hectors-on-the-wharf-1104.html
10,Wharf Shed Cafe,https://www.localbook.com.au/wharf-shed-cafe-841.html
11,The French Brasserie,https://www.localbook.com.au/the-french-brasserie-883.html
12,Maha Restaurant,https://www.localbook.com.au/maha-restaurant-884.html
13,Tetsuyas Restaurant,https://www.localbook.com.au/tetsuyas-restaurant-1086.html
14,China Doll,https://www.localbook.com.au/china-doll-1087.html
15,Mamak,https://www.localbook.com.au/mamak-1088.html
16,Harrys Café de Wheels,https://www.localbook.com.au/harrys-cafe-de-wheels-1089.html
17,The Spice House,https://www.localbook.com.au/the-spice-house-1090.html
18,Zahli Restaurant,https://www.localbook.com.au/zahli-restaurant-1091.html
19,Hectors on the Wharf,https://www.localbook.com.au/hectors-on-the-wharf-1104.html
20,Wharf Shed Cafe,https://www.localbook.com.au/wharf-shed-cafe-841.html
21,The French Brasserie,https://www.localbook.com.au/the-french-brasserie-883.html
22,Maha Restaurant,https://www.localbook.com.au/maha-restaurant-884.html
23,Wharf Shed Cafe,https://www.localbook.com.au/wharf-shed-cafe-841.html
24,The French Brasserie,https://www.localbook.com.au/the-french-brasserie-883.html
25,Maha Restaurant,https://www.localbook.com.au/maha-restaurant-884.html
26,Tetsuyas Restaurant,https://www.localbook.com.au/tetsuyas-restaurant-1086.html
27,China Doll,https://www.localbook.com.au/china-doll-1087.html
28,Mamak,https://www.localbook.com.au/mamak-1088.html
29,Harrys Café de Wheels,https://www.localbook.com.au/harrys-cafe-de-wheels-1089.html
30,The Spice House,https://www.localbook.com.au/the-spice-house-1090.html
31,Zahli Restaurant,https://www.localbook.com.au/zahli-restaurant-1091.html
32,Hectors on the Wharf,https://www.localbook.com.au/hectors-on-the-wharf-1104.html
33,Wharf Shed Cafe,https://www.localbook.com.au/wharf-shed-cafe-841.html
34,The French Brasserie,https://www.localbook.com.au/the-french-brasserie-883.html
35,Maha Restaurant,https://www.localbook.com.au/maha-restaurant-884.html
36,Tetsuyas Restaurant,https://www.localbook.com.au/tetsuyas-restaurant-1086.html
37,China Doll,https://www.localbook.com.au/china-doll-1087.html
38,Mamak,https://www.localbook.com.au/mamak-1088.html
39,Harrys Café de Wheels,https://www.localbook.com.au/harrys-cafe-de-wheels-1089.html
40,The Spice House,https://www.localbook.com.au/the-spice-house-1090.html
41,Zahli Restaurant,https://www.localbook.com.au/zahli-restaurant-1091.html
42,Hectors on the Wharf,https://www.localbook.com.au/hectors-on-the-wharf-1104.html
43,Wharf Shed Cafe,https://www.localbook.com.au/wharf-shed-cafe-841.html
44,The French Brasserie,https://www.localbook.com.au/the-french-brasserie-883.html
45,Maha Restaurant,https://www.localbook.com.au/maha-restaurant-884.html
46,Tetsuyas Restaurant,https://www.localbook.com.au/tetsuyas-restaurant-1086.html
47,China Doll,https://www.localbook.com.au/china-doll-1087.html
48,Mamak,https://www.localbook.com.au/mamak-1088.html
49,Harrys Café de Wheels,https://www.localbook.com.au/harrys-cafe-de-wheels-1089.html
50,The Spice House,https://www.localbook.com.au/the-spice-house-1090.html
51,Zahli Restaurant,https://www.localbook.com.au/zahli-restaurant-1091.html
52,Hectors on the Wharf,https://www.localbook.com.au/hectors-on-the-wharf-1104.html
53,Wharf Shed Cafe,https://www.localbook.com.au/wharf-shed-cafe-841.html
54,The French Brasserie,https://www.localbook.com.au/the-french-brasserie-883.html
55,Maha Restaurant,https://www.localbook.com.au/maha-restaurant-884.html
56,Tetsuyas Restaurant,https://www.localbook.com.au/tetsuyas-restaurant-1086.html
57,China Doll,https://www.localbook.com.au/china-doll-1087.html
58,Mamak,https://www.localbook.com.au/mamak-1088.html
59,Harrys Café de Wheels,https://www.localbook.com.au/harrys-cafe-de-wheels-1089.html
60,The Spice House,https://www.localbook.com.au/the-spice-house-1090.html
61,Zahli Restaurant,https://www.localbook.com.au/zahli-restaurant-1091.html
62,Hectors on the Wharf,https://www.localbook.com.au/hectors-on-the-wharf-1104.html
63,Wharf Shed Cafe,https://www.localbook.com.au/wharf-shed-cafe-841.html
64,The French Brasserie,https://www.localbook.com.au/the-french-brasserie-883.html
65,Maha Restaurant,https://www.localbook.com.au/maha-restaurant-884.html
66,Tetsuyas Restaurant,https://www.localbook.com.au/tetsuyas-restaurant-1086.html
67,China Doll,https://www.localbook.com.au/china-doll-1087.html
68,Mamak,https://www.localbook.com.au/mamak-1088.html
69,Harrys Café de Wheels,https://www.localbook.com.au/harrys-cafe-de-wheels-1089.html
70,The Spice House,https://www.localbook.com.au/the-spice-house-1090.html
71,Zahli Restaurant,https://www.localbook.com.au/zahli-restaurant-1091.html
72,Hectors on the Wharf,https://www.localbook.com.au/hectors-on-the-wharf-1104.html
73,Wharf Shed Cafe,https://www.localbook.com.au/wharf-shed-cafe-841.html
74,The French Brasserie,https://www.localbook.com.au/the-french-brasserie-883.html
75,Maha Restaurant,https://www.localbook.com.au/maha-restaurant-884.html
76,Tetsuyas Restaurant,https://www.localbook.com.au/tetsuyas-restaurant-1086.html
77,China Doll,https://www.localbook.com.au/china-doll-1087.html
78,Mamak,https://www.localbook.com.au/mamak-1088.html
79,Harrys Café de Wheels,https://www.localbook.com.au/harrys-cafe-de-wheels-1089.html
80,The Spice House,https://www.localbook.com.au/the-spice-house-1090.html
81,Zahli Restaurant,https://www.localbook.com.au/zahli-restaurant-1091.html
82,Hectors on the Wharf,https://www.localbook.com.au/hectors-on-the-wharf-1104.html
83,Wharf Shed Cafe,https://www.localbook.com.au/wharf-shed-cafe-841.html
84,The French Brasserie,https://www.localbook.com.au/the-french-brasserie-883.html
85,Maha Restaurant,https://www.localbook.com.au/maha-restaurant-884.html
86,Tetsuyas Restaurant,https://www.localbook.com.au/tetsuyas-restaurant-1086.html
87,China Doll,https://www.localbook.com.au/china-doll-1087.html
88,Mamak,https://www.localbook.com.au/mamak-1088.html
89,Harrys Café de Wheels,https://www.localbook.com.au/harrys-cafe-de-wheels-1089.html
90,The Spice House,https://www.localbook.com.au/the-spice-house-1090.html
91,Zahli Restaurant,https://www.localbook.com.au/zahli-restaurant-1091.html
92,Hectors on the Wharf,https://www.localbook.com.au/hectors-on-the-wharf-1104.html
93,Wharf Shed Cafe,https://www.localbook.com.au/wharf-shed-cafe-841.html
94,The French Brasserie,https://www.localbook.com.au/the-french-brasserie-883.html
95,Maha Restaurant,https://www.localbook.com.au/maha-restaurant-884.html
96,Tetsuyas Restaurant,https://www.localbook.com.au/tetsuyas-restaurant-1086.html
97,China Doll,https://www.localbook.com.au/china-doll-1087.html
98,Mamak,https://www.localbook.com.au/mamak-1088.html
99,Harrys Café de Wheels,https://www.localbook.com.au/harrys-cafe-de-wheels-1089.html
100,The Spice House,https://www.localbook.com.au/the-spice-house-1090.html
101,Zahli Restaurant,https://www.localbook.com.au/zahli-restaurant-1091.html
102,Hectors on the Wharf,https://www.localbook.com.au/hectors-on-the-wharf-1104.html
103,Wharf Shed Cafe,https://www.localbook.com.au/wharf-shed-cafe-841.html
104,The French Brasserie,https://www.localbook.com.au/the-french-brasserie-883.html
105,Maha Restaurant,https://www.localbook.com.au/maha-restaurant-884.html
106,Tetsuyas Restaurant,https://www.localbook.com.au/tetsuyas-restaurant-1086.html
107,China Doll,https://www.localbook.com.au/china-doll-1087.html
108,Mamak,https://www.localbook.com.au/mamak-1088.html
109,Harrys Café de Wheels,https://www.localbook.com.au/harrys-cafe-de-wheels-1089.html
110,The Spice House,https://www.localbook.com.au/the-spice-house-1090.html
111,Zahli Restaurant,https://www.localbook.com.au/zahli-restaurant-1091.html
112,Hectors on the Wharf,https://www.localbook.com.au/hectors-on-the-wharf-1104.html
113,Wharf Shed Cafe,https://www.localbook.com.au/wharf-shed-cafe-841.html
114,The French Brasserie,https://www.localbook.com.au/the-french-brasserie-883.html
115,Maha Restaurant,https://www.localbook.com.au/maha-restaurant-884.html
116,Tetsuyas Restaurant,https://www.localbook.com.au/tetsuyas-restaurant-1086.html
117,China Doll,https://www.localbook.com.au/china-doll-1087.html
118,Mamak,https://www.localbook.com.au/mamak-1088.html
119,Harrys Café de Wheels,https://www.localbook.com.au/harrys-cafe-de-wheels-1089.html
120,The Spice House,https://www.localbook.com.au/the-spice-house-1090.html
121,Zahli Restaurant,https://www.localbook.com.au/zahli-restaurant-1091.html
122,Hectors on the Wharf,https://www.localbook.com.au/hectors-on-the-wharf-1104.html
123,Wharf Shed Cafe,https://www.localbook.com.au/wharf-shed-cafe-841.html
124,The French Brasserie,https://www.localbook.com.au/the-french-brasserie-883.html
125,Maha Restaurant,https://www.localbook.com.au/maha-restaurant-884.html
126,Tetsuyas Restaurant,https://www.localbook.com.au/tetsuyas-restaurant-1086.html
127,China Doll,https://www.localbook.com.au/china-doll-1087.html
128,Mamak,https://www.localbook.com.au/mamak-1088.html
129,Harrys Café de Wheels,https://www.localbook.com.au/harrys-cafe-de-wheels-1089.html
130,The Spice House,https://www.localbook.com.au/the-spice-house-1090.html
131,Zahli Restaurant,https://www.localbook.com.au/zahli-restaurant-1091.html
132,Hectors on the Wharf,https://www.localbook.com.au/hectors-on-the-wharf-1104.html
133,Wharf Shed Cafe,https://www.localbook.com.au/wharf-shed-cafe-841.html
134,The French Brasserie,https://www.localbook.com.au/the-french-brasserie-883.html
135,Maha Restaurant,https://www.localbook.com.au/maha-restaurant-884.html
136,Tetsuyas Restaurant,https://www.localbook.com.au/tetsuyas-restaurant-1086.html
137,China Doll,https://www.localbook.com.au/china-doll-1087.html
138,Mamak,https://www.localbook.com.au/mamak-1088.html
139,Harrys Café de Wheels,https://www.localbook.com.au/harrys-cafe-de-wheels-1089.html
140,The Spice House,https://www.localbook.com.au/the-spice-house-1090.html
141,Zahli Restaurant,https://www.localbook.com.au/zahli-restaurant-1091.html
142,Hectors on the Wharf,https://www.localbook.com.au/hectors-on-the-wharf-1104.html
